--INSERT

INSERT INTO CUSTOMER (CUSTOMER_ID, CUSTOMER_NAME, CUSTOMER_ADDRESS, CUSTOMER_PHONE_NUMBER) VALUES ('01', 'SADIA', 'MIRPUR 14', '0152157273');
INSERT INTO CUSTOMER (CUSTOMER_ID, CUSTOMER_NAME, CUSTOMER_ADDRESS, CUSTOMER_PHONE_NUMBER) VALUES ('02', 'ZAMAN', 'MIRPUR 13', '0174549595');
INSERT INTO CUSTOMER (CUSTOMER_ID, CUSTOMER_NAME, CUSTOMER_ADDRESS, CUSTOMER_PHONE_NUMBER) VALUES ('03', 'PRAPTI', 'MIRPUR12', '0171064587');
INSERT INTO CUSTOMER (CUSTOMER_ID, CUSTOMER_NAME, CUSTOMER_ADDRESS, CUSTOMER_PHONE_NUMBER) VALUES ('04', 'FIONA', 'BANANI 11', '0175045997');
INSERT INTO CUSTOMER (CUSTOMER_ID, CUSTOMER_NAME, CUSTOMER_ADDRESS, CUSTOMER_PHONE_NUMBER) VALUES ('05', 'FARUK', 'MIRPUR 2', '0178074326');
INSERT INTO CUSTOMER (CUSTOMER_ID, CUSTOMER_NAME, CUSTOMER_ADDRESS, CUSTOMER_PHONE_NUMBER) VALUES ('06', 'ROWHA', 'UTTARA',   '0195083554');
INSERT INTO CUSTOMER (CUSTOMER_ID, CUSTOMER_NAME, CUSTOMER_ADDRESS, CUSTOMER_PHONE_NUMBER) VALUES ('07', 'SHIMA', 'DHANMONDI', '0175809965');
INSERT INTO CUSTOMER (CUSTOMER_ID, CUSTOMER_NAME, CUSTOMER_ADDRESS, CUSTOMER_PHONE_NUMBER) VALUES ('08', 'TOMAL', 'DHAKA CANTONMENT', '0198599005');


INSERT INTO MENU (COFFEE_CODE, COFFEE_NAME, PRICE) VALUES (01,'AMERICANO', 25.00);
INSERT INTO MENU (COFFEE_CODE, COFFEE_NAME, PRICE) VALUES (02,'MOCHA', 29.0);
INSERT INTO MENU (COFFEE_CODE, COFFEE_NAME, PRICE) VALUES (03,'ESPRESSO', 28.00);
INSERT INTO MENU (COFFEE_CODE, COFFEE_NAME, PRICE) VALUES (04,'AMERICANO', 25.00);
INSERT INTO MENU (COFFEE_CODE, COFFEE_NAME, PRICE) VALUES (05,'LATTE', 26.00);
INSERT INTO MENU (COFFEE_CODE, COFFEE_NAME, PRICE) VALUES (06,'HAZELNUT LATTE', 30.00);
INSERT INTO MENU (COFFEE_CODE, COFFEE_NAME, PRICE) VALUES (07,'MOCHA', 29.00);
INSERT INTO MENU (COFFEE_CODE, COFFEE_NAME, PRICE) VALUES (08,'LATTE',26.00);


INSERT INTO ORDER_ (ORDER_ID, ORDER_NUMBER, COFFEE_CODE, QUANTITY, CUSTOMER_ID) VALUES ('203',10, 01, 01,'01');
INSERT INTO ORDER_ (ORDER_ID, ORDER_NUMBER, COFFEE_CODE, QUANTITY, CUSTOMER_ID) VALUES ('102',11, 02, 02,'02');
INSERT INTO ORDER_ (ORDER_ID, ORDER_NUMBER, COFFEE_CODE, QUANTITY, CUSTOMER_ID) VALUES ('100',12, 03, 03,'03');
INSERT INTO ORDER_ (ORDER_ID, ORDER_NUMBER, COFFEE_CODE, QUANTITY, CUSTOMER_ID) VALUES ('050',13, 04, 01,'04');
INSERT INTO ORDER_ (ORDER_ID, ORDER_NUMBER, COFFEE_CODE, QUANTITY, CUSTOMER_ID) VALUES ('234',14, 05, 03,'05');
INSERT INTO ORDER_ (ORDER_ID, ORDER_NUMBER, COFFEE_CODE, QUANTITY, CUSTOMER_ID) VALUES ('199',15, 06, 02,'06');
INSERT INTO ORDER_ (ORDER_ID, ORDER_NUMBER, COFFEE_CODE, QUANTITY, CUSTOMER_ID) VALUES ('020',16, 07, 01,'07');
INSERT INTO ORDER_ (ORDER_ID, ORDER_NUMBER, COFFEE_CODE, QUANTITY, CUSTOMER_ID) VALUES ('010',17, 08, 04,'08');



INSERT INTO PAYMENT_METHOD (CUSTOMER_ID, TRANSACTION_ID, PAYMENT_TYPE, PAYMENT_DATE, ORDER_ID) VALUES('01', '20200000063','CASH',  '02-APR-19', '203');
INSERT INTO PAYMENT_METHOD (CUSTOMER_ID, TRANSACTION_ID, PAYMENT_TYPE, PAYMENT_DATE, ORDER_ID) VALUES('02', '20200000064','BKASH', '03-APR-19', '102');
INSERT INTO PAYMENT_METHOD (CUSTOMER_ID, TRANSACTION_ID, PAYMENT_TYPE, PAYMENT_DATE, ORDER_ID) VALUES('03', '20200000065','CREDIT','04-APR-19', '100');
INSERT INTO PAYMENT_METHOD (CUSTOMER_ID, TRANSACTION_ID, PAYMENT_TYPE, PAYMENT_DATE, ORDER_ID) VALUES('04','20200000066','CASH','05-APR-19','050');
INSERT INTO PAYMENT_METHOD (CUSTOMER_ID, TRANSACTION_ID, PAYMENT_TYPE, PAYMENT_DATE, ORDER_ID) VALUES('05','20200000067','CASH',  '06-APR-19','234');
INSERT INTO PAYMENT_METHOD (CUSTOMER_ID, TRANSACTION_ID, PAYMENT_TYPE, PAYMENT_DATE, ORDER_ID) VALUES('06','20200000068','BKASH', '07-APR-19','199');
INSERT INTO PAYMENT_METHOD (CUSTOMER_ID, TRANSACTION_ID, PAYMENT_TYPE, PAYMENT_DATE, ORDER_ID) VALUES('07','20200000069','CASH', '08-APR-19','020');
INSERT INTO PAYMENT_METHOD (CUSTOMER_ID, TRANSACTION_ID, PAYMENT_TYPE, PAYMENT_DATE, ORDER_ID) VALUES('08','20200000070','CASH', '09-APR-19','010');

